Name of facility,"City, State",Facility Type,Race,Gender ,Still in existence,Years of Existence,Deaths,Death qualifiers,Cemetery,State of cemetery,Reported on recently,Allegations of Abuse,Allegations of Forced Labor,Notes
House of Refuge of Western Pennsylvania,"Ninth Ward of Allegheny, Pennsylvania (cemetery is located at Cecil, Pennsylvania)",Reformatory,All races but segregated,Both,No,1850-1967,44,article says 35 but Find a grave says 44,yes,maintained,yes ,yes ,unknown,"On corrections property. See: https://www.findagrave.com/cemetery/2415584/morganza-cemetery 
https://www.observer-reporter.com/uncategorized/2016/oct/11/unearthing-the-past/ 
https://historicpittsburgh.org/islandora/object/pitt%3AUS-QQS-mss790/viewer 
https://philadelphiaencyclopedia.org/essays/house-of-refuge/ "
Industrial Home for Colored Girls,"Melvale, Maryland",Industrial School,Black youth,Girls ,No,1884-1973,,,no,unknown,no,unknown,unknown,"https://msa.maryland.gov/megafile/msa/speccol/sc2900/sc2908/000001/000123/html/am123--222.html
https://mdhistoryonline.net/2018/06/02/h320/ "
House of the Good Shepherd for Colored Girls,"Baltimore, Maryland",Reformatory ,Black youth,Girls ,No,1892-2017,,,no,unknown,no,unknown,yes ,"https://gloverparkhistory.com/estates-and-farms/burleith/the-house-of-the-good-shepherd/
https://msa.maryland.gov/megafile/msa/speccol/sc2900/sc2908/000001/000123/html/am123--222.html 
https://mdhistoryonline.net/2018/06/02/h377/#:~:text=Founded:%201892%20Location:%20Calverton%20Rd.%20and%20Franklin%20Street%2C%20Baltimore%2C%20MD. 
https://www.google.com/search?q=House+of+the+Good+Shepherd+for+Colored+Girls+baltimore+when+did+it+close&sca_esv=c99dc4ab72a1909f&sxsrf=ANbL-n5hx7z1ENsuRMlBiWvOh46mKtJlYQ%3A1775767788007&udm=50&fbs=ADc_l-aN0CWEZBOHjofHoaMMDiKpaEWjvZ2Py1XXV8d8KvlI3vxYI1tojT_24H7Q4iMwclR4ijVZpM3lYdXSUQeRtEvWHT_oGI6YzIiUg4dCFbz-1i4SdAXgHX0KSzDabRJPHWzrgGnnamym3ipzTMuhXdTRZKxS2hdsZy5uFyVIVskUk1djQU8roDND-H-Ai0D-O_Tckv1IOvyQcXBsS-lOLQxHl-8RCg&aep=1&ntc=1&sa=X&ved=2ahUKEwj2rNTB0uGTAxWlMlkFHbBWJWsQ2J8OegQIERAI&biw=1280&bih=551&dpr=1.5&mstk=AUtExfB5oFznr4sPccUaVXwqL2IV-vhFcSPkwz8zYDxY2pDjz1oAVw-3lBtW92Cvj0vELMFjGwblDqOvxhOlSxgS9LBFm6WXAVbxYlkK311fEnBabr1cpbVlrD2JBlBQAcnEOHQQu305wrdGoijKWWNCVh1xxraujLntnlKW_I9HZzEhaTjzGZdOHxYYUn_0OZlUxLRolY8F0w2So9CvUE8OuPPcwq8N489uMcfqm4oGUeYLsUQIo6rzDEcqak6XOZBYh_-CzKFlojtTCtBaQJsDePcM1aK1wNtqRvEdLVcg6p0I32j-k6go9ksmr91D-9jXLoH6o__OCYvAWBzkcvdqPCDjD5BbE0YlrpdMk3Sql6u4R0oJp-BH298&csuir=1 "
Virginia Home and Industrial School for Girls,"Bon Air, Virginia",Industrial School,White youth ,Girls ,Yes,1910-,,,no,unknown,yes ,unknown,yes ,"https://socialwelfare.library.vcu.edu/corrections/virginia-home-and-industrial-school-for-girls/
https://www.vpm.org/news/2025-04-09/virginia-juvenile-justice-staffing-shortage-bon-air-jcc-vadoc-la-ky "
Virginia Industrial School for Colored Girls,"Peak’s Turnout, Hanover County, Virginia",Industrial School,Black youth,Girls ,No,1915-2005,2,More deaths reported; burial sites only marked with wooden markers,yes,unknown,no,yes ,yes ,"https://socialwelfare.library.vcu.edu/corrections/the-virginia-industrial-school-for-colored-girls/ 
google.com/search?q=Virginia+Industrial+School+for+Colored+Girls&oq=Virginia+Industrial+School+for+Colored+Girls&gs_lcrp=EgZjaHJvbWUyBggAEEUYOTIGCAEQRRhAMgYIAhBFGEAyBggDEEUYQNIBBzM3MWowajeoAgCwAgA&sourceid=chrome&ie=UTF-8 https://www.dhr.virginia.gov/wp-content/uploads/2018/04/042-0126_BarrettCenter_2016_NRHP_FINAL.pdf 
https://www.findagrave.com/cemetery/2762145/barrett-correctional-facility-cemetery 
https://www.tandfonline.com/doi/abs/10.1080/10999949.2018.1520062#:~:text=Instead%20of%20special%20protection%2C%20girls%20committed%20to,state%20experienced%20vulnerability%20to%20violence%2C%20isolation%2C%20and "
Alabama Boys’ Industrial School (ABIS) ,"Birmingham, Alabama",Industrial School,White youth ,Boys ,Yes,1899,,,no,unknown,yes ,unknown,unknown,https://www.bhamwiki.com/w/Alabama_Boys_Industrial_School
State Training School for Negro Boys ,"Boley, Oklahoma",Industrial School,Black youth,Boys ,No,1924-1983,,,no,unknown,yes ,unknown,unknown,"https://dc.library.okstate.edu/digital/api/collection/Spot/id/477/download
https://chicagoreader.com/news/this-land-is-my-land/ "
Chillicothe Industrial Home for Girls,"Chillicothe, Missouri",Industrial School,White youth ,Girls ,No,1887-1980,,,no,unknown,no,unknown,unknown,"https://www.facebook.com/missouristatearchives/posts/onthisday-in-1887-the-chillicothe-industrial-home-for-girls-was-approved-by-the-/1353105653528129/
https://historicmissouri.org/items/show/118 "
 Missouri Industrial Home for Negro Girls at Tipton,"Tipton, Missouri",Industrial School,Black youth,Girls ,No,1916-1956,,,no,unknown,no,yes ,unknown,http://www.stlouislgbthistory.com/timeline/1900-1960s/1930s-negro-girls-home.html
Missouri Training School for Boys,"Boonville, Missouri",Industrial School,All races but segregated,Boys ,Yes,1883,25,"Find a grave says 51 but only 25 memorials exist and no other evidence of the 51 number. Because we can't go, 25 feels more demonstrative",yes,abandoned,no,yes ,yes ,"https://www.findagrave.com/cemetery/2363458/missouri-boys-training-school-cemetery
https://katytalescom.wordpress.com/category/history/ https://doc.mo.gov/doc-family/bcc 
https://www.sos.mo.gov/CMSImages/Archives/findingaids/RG000.114.pdf "
Boston House of Refuge,"Boston, Masachusettes",Reformatory ,All races but segregated,Both,Unknown,1826,,,no,unknown,no,unknown,unknown,https://sk.sagepub.com/ency/edvol/raceandcrime/chpt/houses-refuge#_
Girls Industrial School,"Alexander, Arkansas",Industrial School,White youth ,Girls ,Unknown,1905,,,no,unknown,no,unknown,unknown,"https://arstudies.contentdm.oclc.org/digital/collection/findingaids/id/9548/
https://law.resource.org/pub/us/case/reporter/F2/377/377.F2d.228.18536.html "
Fargo Training School for Girls,"Fargo, Arkansas",Industrial School,Black youth,Girls ,No,1949-1955,,,no,unknown,no,unknown,unknown,"https://en.wikipedia.org/wiki/Fargo_Training_School
https://encyclopediaofarkansas.net/entries/fargo-agricultural-school-2375/#:~:text=The%20school's%20academic%20studies%20included:%20*%20English,to%20the%20state%20of%20Arkansas%20in%201949 "
"
Arkansas Boys Industrial School","
Pine Bluff, Arkansas",Industrial School,White youth ,Boys ,No,1905-2008,,,no,unknown,no,unknown,unknown,"https://arstudies.contentdm.oclc.org/digital/collection/p15728coll1/id/20732/
https://law.resource.org/pub/us/case/reporter/F2/377/377.F2d.228.18536.html "
Washington State Reform School,"Chehalis, Washington",Reformatory,Unknown,Both,Yes,1891-,,,no,unknown,no,yes ,,https://www.historylink.org/File/8647
House of Reformation and Instruction for Colored Children,"Cheltenham, Maryland ",Reformatory ,Black youth,Boys ,Yes,1873-present,230,230,yes,abandoned,yes ,yes ,yes ,https://www.washingtonpost.com/dc-md-va/2025/09/22/house-of-reformation-graveyard/
Cincinnati House of Refuge,"Cincinatti, Ohio",Reformatory ,All races but segregated,Both,No,1850-,,,no,unknown,no,yes ,yes ,"https://www.omekas.bcplhistory.org/s/borderlands/item/15522
https://findingaids.libraries.uc.edu/repositories/5/resources/722 (could be evidence in repositories)"
South Carolina Industrial School for Girls ,"Columbia, South Carolina",Industrial School,White youth ,Girls ,Unknown,1918,,,no,unknown,no,unknown,unknown,https://www.djj.sc.gov/about/our-history
Stonewall Jackson Training School ,"Concord, North Carolina",Industrial School,White youth ,Boys ,Yes,1909,,,Rumored,unknown,no,yes ,unknown,"https://www.dncr.nc.gov/blog/2024/01/12/stonewall-jackson-training-school-l-49
https://www.facebook.com/groups/1437369316543716/search/?q=cemetery 
https://www.cbs17.com/news/the-dark-past-of-the-stonewall-jackson-youth-development-center/ "
Oaklawn School for Girls,"Cranston, Rhode Island ",Reformatory ,Unknown,Girls ,No,1880-1979,20,20 per Rhode Island Cemetery website,yes,maintained,yes ,yes ,unknown,"https://www.findagrave.com/cemetery/2692884/oaklawn-school-for-girls-cemetery
https://catalog.sos.ri.gov/repositories/2/archival_objects/2782
https://www.facebook.com/preservingcranstonhistory/posts/the-location-remaiins-a-mysterycr114oaklawn-school-for-girls-cemeterythe-search-/645429828185683/
https://www.ricentral.com/chariho_times/news/local_news/the-inner-workings-of-rhode-island-s-juvenile-reform-system/article_fdba6ae8-4e7d-11ea-908e-e341eb83fe22.html 
https://rihistoriccemeteries.org/newsearchcemeterydetail.aspx?ceme_no=CR114 "
Samarcand Manor,"Eagle Springs, North Carolina",Reformatory,White youth ,Girls ,No,1918-?,,,no,unknown,yes ,yes ,unknown,Prevalence of eugenics at site: https://lsupress.org/9780807162491/bad-girls-at-samarcand/ 
Sockanosset Boys Training School,"Cranston, Rhode Island ",Reformatory ,Unknown,Boys ,Yes,1881-,,,Possible,unknown,yes ,unknown,unknown,"https://www.providencejournal.com/story/news/local/2024/04/28/century-old-paupers-cemetery-restored-by-volunteers-unique-history-project-cranston-rhode-island/73476822007/#:~:text=The%20project%20includes:%20*%20Mapping%20the%20cemetery,Department%20of%20Children%2C%20Youth%20and%20Families%20officials"
Girls Industrial School,"Delaware, Ohio",Industrial School,All races but segregated,Girls ,No,1840,72,72,yes,maintained,no,unknown,unknown,"https://www.ghmchs.org/girls-industrial-school
https://www.findagrave.com/cemetery/2240803/memorial-search?cemeteryName=Ohio+Home+Cemetery&page=2#sr-91961775 "
Eldora State Training School for Boys,"Eldora, Iowa",Reformatory ,Unknown,Boys ,Yes,1868-,1,at least 1,yes,unknown,no,yes ,unknown,"https://www.nytimes.com/1945/09/09/archives/midwest-states-reformschool-riot-stirs-youthdelinquency-debate.html
1 death certificate on Findagrave cites the school's burial grounds: https://www.findagrave.com/memorial/206524326/arthur-whited 
There is a google map location: https://maps.app.goo.gl/kz1Gi1XXdkZsz61aA "
South Carolina Reformatory for Colored Boys ,"Florence, South Carolina",Reformatory ,Black youth,Boys ,Unknown,1907,,,no,unknown,no,unknown,unknown,"https://www.djj.sc.gov/about/our-history#:~:text=The%20Industrial%20School%20for%20White%20Boys%20was,land%20purchased%20on%20Broad%20River%20Road%20Complex"
South Carolina Reformatory for White Boys,"Florence, South Carolina",Reformatory ,White youth ,Boys ,Unknown,1907,,,no,unknown,no,unknown,unknown,"https://www.djj.sc.gov/about/our-history#:~:text=The%20Industrial%20School%20for%20White%20Boys%20was,land%20purchased%20on%20Broad%20River%20Road%20Complex"
Arizona State Industrial School for Wayward Boys and Girls,"Benson, Arizona",Industrial School,Unknown,Both,No,1912-1983,,,no,unknown,no,yes ,unknown,https://azmemory.azlibrary.gov/nodes/view/186579
Gainesville State School for Girls,"Gainsville, Texas",Industrial School,White youth ,Girls,Yes,1913-1989,,,no,unknown,no,yes ,unknown,"https://www.tshaonline.org/handbook/entries/gainesville-state-school-for-girls
https://www.facebook.com/groups/GainesvilleCurbside/posts/1597780574275017/ "
Illinois State Training School for Girls,"Geneva, Illinois",Reformatory ,All races but segregated,Girls,No,1893–1976,58,58,yes,maintained,yes ,yes ,unknown,"First thing that pops up on google: https://maps.app.goo.gl/7DCHrNiBeU6Kha92A 
https://chicagoreader.com/news/feature-news-politics/illinois-school-prison-history-girls/?fbclid=IwY2xjawQ5MENleHRuA2FlbQIxMQBicmlkETFqY3laQ2pNb1pJN0swNWRIc3J0YwZhcHBfaWQQMjIyMDM5MTc4ODIwMDg5MgABHtH-
MVzQUMCsAT53w92cROGAIr0foReLIgufEzd-oUK5n82PeqnjB1fMzDd4_aem_czI7xnXdDSJaryBXftK6bQ 
https://marla-rose.medium.com/the-suburban-cemetery-for-wayward-girls-and-their-babies-4d00cf49927f 
https://www.findagrave.com/cemetery/2267784/state-training-school-for-girls-cemetery "
Girls' Industrial School,"Geneva, Nebraska",Industrial School,Unknown,Girls ,No,1891-2021,,,no,unknown,no,unknown,unknown,https://nebraska.lyrasistechnology.org/repositories/2/archival_objects/46896
"Colorado State Industrial School for Boys
","Golden, Colorado",Industrial School,Unknown,Boys ,Yes,1881,,,no,unknown,no,yes ,yes ,"https://www.dailykos.com/stories/2017/11/5/1710177/-In-57-a-judge-said-incorrigible-and-sent-me-to-reform-school-Such-places-still-need-big-fixes
http://coloradovirtuallibrary.org/resource-sharing/state-pubs-blog/time-machine-tuesday-state-industrial-schools/#:~:text=State%20Industrial%20Schools%20were%20established%20in%20the,arrested%20for%20%22habitually%20wandering%20about%20the%20streets%22 "
Waialeʻe Industrial School for Boys,"O'ahu, Hawaii",Industrial School,Pacific Islander,Boys ,No,1901-1950s,1,1,Possible,unknown,yes ,yes ,yes ,https://www.hawaiipublicradio.org/local-news/2024-05-03/researchers-begin-to-uncover-what-really-happened-at-the-waialee-boys-school
 State Home and Industrial School for Girls ,"Morrison, Colorado",Industrial School,Unknown,Girls ,Yes,1887,,,no,unknown,no,unknown,unknown,https://coloradoencyclopedia.org/article/state-industrial-school-girls
Cameron Morrison Training School for Negroes,"Hoffman, North Carolina",Reformatory ,Black youth,Boys ,Yes,1925,,,no,unknown,no,yes ,yes ,https://www.charlotteobserver.com/opinion/article254945937.html
Indiana House of Refuge,"Plainfield, Indiana",Reformatory ,Unknown,Boys ,Unknown,1867,59,"over 100 on a chart someone put together per annual reports, but citing Find a grave as it more authoritative",yes,maintained,no,yes ,unknown,"https://en.wikipedia.org/wiki/Indiana_Boys_School
Someone put together a list of deaths at the facility per annual reports: https://www.plainfieldlibrary.net/wp-content/uploads/2017/03/Deaths-at-Indiana-Boys-School-1869-1932.pdf 
https://www.findagrave.com/cemetery/1987455/indiana-boys-school-cemetery "
Indiana Reformatory Institution for Women and Girls,"Indianapolis, Indiana",Reformatory ,Unknown,Girls ,No,1869-2009,,,no,unknown,yes ,unknown,unknown,"https://historicindianapolis.com/family-tree-the-indiana-girls-school/
https://19thnews.org/2023/03/forgotten-history-first-public-womens-prison-indiana/ "
Preston School of Industry,"Ione, California",Industrial School,All races,Boys ,No,1894-2011,18,18,yes,maintained,yes ,yes ,unknown,"https://www.cdcr.ca.gov/insidecdcr/2022/10/24/tales-from-the-cemetery-preston-holds-remains-of-18/
Could be maintained and seemingly once was, but adjoining facility is either in disrepair or holds tours as a haunted castle. 
https://www.findagrave.com/cemetery/2308896/preston-school-of-industry-cemetery 
https://prestoncastlehistory.blogspot.com/2015/02/the-boys-buried-in-cemetery.html "
Industrial School for Girls at Mitchellville,"Mitchellville, Iowa",Reformatory ,Unknown,Girls ,Yes,1899-present ,1,"Find a grave says ""70 or so""",yes,maintained,yes ,yes ,unknown,"https://temposenzatempo.blogspot.com/2017/01/a-birdseye-view-of-girls-orchestra.html
https://www.findagrave.com/cemetery/2752263/iowa-industrial-school-for-girls-cemetery 
https://maps.app.goo.gl/JsU91FDgtxBGVw4q9 
https://www.coloradohistoricnewspapers.org/?a=d&d=WRC18991027-01.2.41&e=-------en-20--1--img-txIN%7CtxCO%7CtxTA--------0------ "
Tennessee Vocational School for Colored Girls,"Nashville, Tennessee",Industrial School,Black youth,Girls ,No,1923-1979,,,no,unknown,no,unknown,unknown,"https://tennesseeencyclopedia.net/entries/tennessee-vocational-school-for-colored-girls/
https://www.tn.gov/content/dam/tn/dcs/documents/juvenile-justice/Juvenile_Justice_Timeline.pdf "
Tennessee Vocational Reformatory for Girls,"Tullahoma, Tennessee",Reformatory,Unknown,Girls ,No,1917-1983,,,no,unknown,no,unknown,unknown,"https://www.tullahomanews.com/news/local/correction-academy-part-of-city-s-history/article_84de3c5c-15a4-5ffb-83c3-dd56ba61d8a3.html
https://www.tn.gov/content/dam/tn/dcs/documents/juvenile-justice/Juvenile_Justice_Timeline.pdf "
Tennessee Reformatory for Boys,"Jordonia, Tennessee",Reformatory ,White youth ,Boys ,Unknown,1911,,,no,unknown,no,yes ,unknown,"https://www.corpun.com/usr00603.htm
https://www.tn.gov/content/dam/tn/dcs/documents/juvenile-justice/Juvenile_Justice_Timeline.pdf "
Nebraska State Reform School for Juvenile Offenders,"Kearney, Nebraska ",Reformatory ,Unknown,Both,Yes,1879,,,no,unknown,yes ,yes ,unknown,"https://law.justia.com/cases/nebraska/supreme-court/1954/33370-0.html
https://nebraskaexaminer.com/2026/01/21/state-planning-to-move-boys-from-troubled-kearney-youth-center-to-omaha/ "
Lancaster Industrial School for Girls,"Lancaster, Massachussetts",Industrial School,Unknown,Girls ,No,1856-1970s,4,4,yes,unknown,yes ,unknown,unknown,"2001: https://www.seacoastonline.com/story/news/2001/06/01/state-uncovers-forgotten-girls-cemetery/51298449007/ 
https://www.nps.gov/places/lancaster-industrial.htm 
https://www.youtube.com/watch?v=6kdBU1G09dI&t=2797s 
https://www.mass.gov/info-details/former-industrial-school-for-girls#:~:text=The%20Industrial%20School%20for%20Girls,%2C%20farming%2C%20and%20functional%20buildings. "
State Reform Farm,"Lancaster, Ohio",Reformatory,Unknown,Boys ,Yes,1857-,22,"22 kids with memorials that exist on Find a grave (the rest are adults), there are 31 gravestones with no names on them so can't verify if they are kids or not",yes,maintained,yes ,yes ,unknown,"Cemetery possibly includes family members of employees
https://www.findagrave.com/cemetery/2332048/fairfield-school-for-boys-cemetery "
Industrial School for Boys,"Lansing, Michigan",Industrial School,Unknown,Boys ,No,1856-1972,61,61,yes,maintained,yes ,unknown,unknown,"https://www.lansingcitypulse.com/stories/nonprofit-to-mark-graves-of-61-boys-at-mt-hope-cemetery,12395"
Industrial School of Reform,"Louisville, Kentucky",Industrial School,All races but segregated,Both,Unknown,1854,,,no,unknown,no,yes ,unknown,https://explorekyhistory.ky.gov/items/show/994
House of Reform,"Lexington, Kentucky",Reformatory ,Unknown,Boys ,Yes,1897,,,no,unknown,no,yes ,yes ,https://kyhi.org/kentucky-house-of-reform/
House of Refuge for Juvenile Delinquents,"Baltimore, Maryland",Reformatory ,White youth ,Boys ,Yes,1850s,22,is 22 right?,yes,unknown,yes ,yes ,yes ,Marc Schindler said he saw 2 headstones.
New Hampshire State Reform School,"Manchester, New Hampshire",Reformatory ,Unknown,Both,Yes,1858,,,no,unknown,no,yes ,yes ,https://apps.das.nh.gov/NHProcurement/File/addendum-2-rfp-rpam-2026-01.pdf
North Dakota State Reform School,"Mandan, North Dakota",Reformatory ,Unknown,Both,Yes,1903,,,no,unknown,no,unknown,unknown,https://www.history.nd.gov/archives/stateagencies/youthcorrectional.html
New York House of Refuge,"Manhattan, New York",Reformatory ,All races but segregated,Both,No,1825-1935,101,101,Possible,unknown,no,yes ,yes ,"https://www.archives.nysed.gov/sites/archives/files/res_topics_ed_reform.pdf  
https://sk.sagepub.com/ency/edvol/raceandcrime/chpt/houses-refuge 
https://www.nytimes.com/1865/08/17/archives/the-house-of-refuge-grave-charges-of-brutal-treatment-death-said-to.html#:~:text=THE%20HOUSE%20OF%20REFUGE.;%20GRAVE,CANNON 
https://www.findagrave.com/cemetery/2692282/memorial-search?cemeteryName=New+York+House+of+Refuge+Grounds+Cemetery&page=2#sr-203000789 "
Florida State Reform School ,"Marianna, Florida",Reformatory ,All races but segregated,Boys ,No,1900-2011,77,50 found.. find a grave says 77 memorials,yes,maintained,yes ,yes ,yes ,"https://guides.lib.usf.edu/dozier#:~:text=The%20project%20has%20resulted%20in:%20*%20Documenting,school%20in%20the%20country%20at%20the%20time. https://www.findagrave.com/cemetery/2335290/florida-industrial-school-for-boys-cemetery "
Connecticut School for Boys,"Meriden, Connecticut",Reformatory ,All races,Boys ,No,1855-1995,30,"plaque says 30 to 40, which I take as more demonstrative than memorials on find a grave exist (25)",yes,maintained,no,yes ,unknown,"marker exists on site
https://www.findagrave.com/cemetery/1993727/connecticut-school-for-boys-burial-ground 
https://www.facebook.com/groups/269020552940/posts/10156438912737941/ 
https://www.facebook.com/groups/269020552940/posts/10159060767637941/ 
https://www.nytimes.com/1930/03/05/archives/school-brutality-to-be-investigated-governor-trumbull-acts-on.html#:~:text=SCHOOL%20BRUTALITY%20TO%20BE%20INVESTIGATED;%20Governor%20Trumbull,Member%20to%20Sift%20the%20Treatment%20of%20Boys "
Industrial School for Girls,"Middletown, Connecticut",Reformatory ,All races,Girls ,No,1868-1998,27,27,yes,maintained,no,yes ,unknown,"Girls risked sexual abuse while being paroled out: https://digitalcollections.wesleyan.edu/_flysystem/fedora/2023-03/22377-Original%20File.pdf
https://www.findagrave.com/cemetery/1997842/industrial-school-for-girls-cemetery "
State Reform School ,"Milest City, Montana",Reformatory ,Unknown,Both,Yes,1893-,,,no,unknown,no,yes ,unknown,https://archiveswest.orbiscascade.org/ark:80444/xv81402
Augusta Reformatory,"Augusta, Georgia",Reformatory ,Black youth,Boys ,Unknown,1930s,,,no,unknown,no,unknown,unknown,https://djj.georgia.gov/about-us/brief-history-djj
Adamsville Reformatory,"Atlanta, Georgia",Reformatory ,Unknown,Girls ,Unknown,1930s,,,no,unknown,no,unknown,unknown,https://djj.georgia.gov/about-us/brief-history-djj
Georgia State Reformatory,"Milledgeville, Georgia",Reformatory ,All races but segregated,Boys ,No,1905-2009,,,no,unknown,no,unknown,unknown,https://djj.georgia.gov/about-us/brief-history-djj
Kansas State Industrial School For Girls,"Beloit, Kansas",Industrial School,Unknown,Girls ,No,1889-2009,1,1,Possible,unknown,no,yes ,unknown,"https://pubmed.ncbi.nlm.nih.gov/37595254/
https://www.nbcnews.com/id/wbna33461470 
https://www.findagrave.com/memorial/105926184/edna-colebaugh "
The Maine Industrial School for Girls,"Hallowell, Maine",Industrial School,Unknown,Girls ,No,1876-1970,16,16,yes,maintained,no,yes ,unknown,"https://www.findagrave.com/virtual-cemetery/102759?page=1#sr-40047177
https://livingnewdeal.org/sites/old-state-girls-school-hallowell-me/ 
https://www.facebook.com/groups/2107225159500244/posts/3842198529336223/"
New Jersey Training School (TS START) ,"Monroe Township, New Jersey",Industrial School,Black youth,Boys ,No,1886 - 1955 ,Unknown ,Unknown ,no,SELECT,no,yes ,no,It was initially called New Jersey Industrial and Manual  Training School For Colored Youth 
Swanson Center for Youth at Monroe,"Monroe, Louisiana",Industrial School,White youth ,Boys ,SELECT,1907 - present ,Unknown ,Unknown ,no,SELECT,yes ,yes ,no,https://www.knoe.com/2026/01/14/supervisor-arrested-introducing-contraband-into-swanson-center-youth/ https://www.facebook.com/100064287775653/posts/swanson-center-for-youth-in-monroein-1902-legislation-authorized-the-state-penit/1254719103347670/. 
Alabama Industrial School for Negro Children,"Mount Meigs, Alabama",Reformatory ,Black youth,Both,SELECT,during reconstruction period - present (under different name) ,Unknown ,Unknown ,no,SELECT,yes ,yes ,yes ,"The original Alabama Industrial School for Negro Children in Mt. Meigs is no longer in existence under that name, but the facility remains open and operational. It was renamed and integrated, now functioning as a state youth facility under the Alabama Department of Youth Services. Link to 2023 Unreformed podcast about the facility: https://www.wwno.org/news/2023-02-08/unreformed-podcast-tells-the-largely-untold-story-of-an-abusive-alabama-reform-school"
TN Vocational School for Colored Girls,"Nashville, Tennessee",Correctional,Black youth,Girls ,"SELECT, No",1923 - 1979 ,Unknown ,Unknown ,no,SELECT,no,yes ,no,Link to info about the school 
Genoa Indian Industrial School ,Nebraska,Industrial School,Native Americans ,Boys ,No,1884 - 1931 ,102,fina a grave says 10 memorials ,yes,abandoned,yes ,yes ,yes ,Link to general info about facility. Link to NYT article about the death count Link to another article about death count 
Colored Waif's Home,"New Orleans, Louisiana",Reformatory,Black youth,Boys ,No,1904  - unknown ,Unknown ,Unknown ,no,SELECT,no,unknown,unknown,
New York Training School for Boys ,New York,Correctional,All races,Boys ,No,1933 - 1976 (different name) ,15 (atleast) ,15 (atleast) ,yes,abandoned,no,yes ,unknown,"Yes, the New York State Training School for Boys (later known as the Industry School) in Monroe County did have a cemetery, Condition: The site, referred to as the Industry cemetery, fell into disrepair with broken headstones and overgrown weeds after the state sold the land in 1993."
Florida Industrial School for Girls,"Ocala, Florida",Industrial School,White youth ,Girls ,"SELECT, No",1915 - 1984 (different name),98 (atleast) ,98 (atleast) ,Possible,SELECT,no,yes ,yes ,later known as the McPherson School for Girls
Utah Territorial Reform School,"Ogden, Utah",Industrial School,All races,Both,No,1889 - 1983 (different name) ,Unknown ,Unknown ,no,SELECT,no,yes ,yes ,
Wisconsin Industrial School for Girls,"Oregon, Wisconsin",Industrial School,White youth ,Girls ,No,1875 - 1945 ,Unknown ,Unknown ,no,SELECT,no,yes ,yes ,
Pauls Valley State School,"Pauls Valley, Oklahoma",Correctional,White youth ,Boys ,No,1907 - 2015 ,Unknown ,Unknown ,no,SELECT,no,yes ,unknown,
Philadelphia House of Refuge,"Philadelphia, Pennsylvania",Reformatory,White youth ,Both,No,"1826 - present (different name, different operation) ",Unknown ,Unknown ,no,SELECT,no,yes ,yes ,"The original Philadelphia House of Refuge (founded 1826) does not exist in its original form, but it evolved into the Glen Mills Schools in 1911. The original institution was part of an early juvenile reform movement, moving locations several times before changing its name to reflect modern educational approaches for troubled youth"
Tennessee Reformatory for Negro Boys,"Pikeville, Tennessee",Reformatory,Black youth,Boys ,No,1918 - unknown ,Unknown ,Unknown ,no,SELECT,no,yes ,yes ,One boy lynched:https://repository.library.northeastern.edu/downloads/neu:m0426450c? datastream_id=content 
Indiana Boys School,"Plainfield, Indiana",Reformatory,White youth ,Boys ,No,1867 - 2005 ,59,got the number from find a grave ,yes,maintained,no,yes ,yes ,https://www.plainfieldlibrary.net/wp-content/uploads/2017/03/Deaths-at-Indiana-Boys-School-1869-1932.pdf
South Dakota Reform School,"Plankington, South Dakota",Correctional,White youth ,Both,No,1888 - 2001 ,Unknown ,Unknown ,no,SELECT,no,yes ,yes ,
Illinois Boys Reformatory School ,"Pontiac, Illinois",Reformatory,All races but segregated,Boys ,Yes,"1871 - present (different name, adult penal institution)",Uknown ,Unknown ,no,SELECT,no,unknown,unknown,"Link about facility, Additional info "
Providence Reform School,"Providence, Rhode Island",Reformatory,All races,Both,No,1850 - 1881 ,Unknown ,Unknown ,no,SELECT,no,unknown,unknown,
Oakley Youth Development Center,"Raymond, Mississippi",Reformatory,All races,Both,Yes,1894 - present ,Unknown ,Unknown ,no,SELECT,no,yes ,unknown,
Minnesota Correctional Facility,"Red Wing, Minnesota",Reformatory,All races,Both,SELECT,1866 (different name) - present (current name) ,Unknown ,Unknown ,no,SELECT,no,yes ,yes ,
Rhode Island Training School for Boys,Rhode Island,Reformatory,All races but segregated,Boys ,"SELECT, Yes",1881 (different name) - 1985 ,almost 100 ,almost 100 ,yes,maintained,yes ,yes ,no,"The Rhode Island Training School (RITS), historically known as the Sockanosset School for Boys, still exists as a secure, state-run juvenile correctional facility for male and female youth. Located in Cranston, it functions as a detention and rehabilitation center, providing education and behavioral health services."
Bon Air Juvenile Corrections Center,"Richmond, Virginia",Correctional,White youth ,Girls ,SELECT,1910 (different name)- present ,Unknown ,Unknown ,no,SELECT,yes ,yes ,yes , original name: virginia Home and Industrial School for Girls https://www.vpm.org/news/2025-04-09/virginia-juvenile-justice-staffing-shortage-bon-air-jcc-vadoc-la-ky
Western House of Refuge,"Rochester, New York",Reformatory,All races,Both,No,1849 - 1939 ,Unknown ,Unknown ,no,SELECT,no,yes ,yes ,
State Reform School for Girls,"Salem, Iowa",Reformatory,White youth ,Girls ,No,1869 - unknown ,Unknown ,Unknown ,no,SELECT,no,yes ,yes ,
Wyoming Girls School,"Sheridan, Wyoming",Industrial School,All races,Girls ,Yes,unknown ,Unknown ,Unknown ,no,SELECT,no,unknown,unknown,
Long Creek Youth Development Center,"South Portland, Maine",Correctional,White youth ,Boys ,Yes,1853 - present ,1,1,no,SELECT,no,yes ,no,suicide death 
"Juvenile Corrections Center, St. Anthony","St. Anthony, Idaho",Correctional,All races,Both,Yes,1903 - present ,1,1,no,SELECT,yes ,yes ,no,"https://www.eastidahonews.com/2021/12/parents-sue-idaho-department-of-juvenile-corrections-after-son-died-of-sepsis/#:~:text=Getting%20your%20Trinity%20Audio%20player,problems%20reportedly%20unfolded%20on%20Nov. "
Illnois State Home for Deliquent Boys ,"St. Charles, Illinois",Reformatory,All races but segregated,Boys ,No,1902 - present (operates under a different name) ,Unknown ,Unknown ,no,SELECT,yes ,yes ,yes ,(later the Illinois Youth Center - St. Charles) link to report:  https://www.lawsuit-information-center.com/sex-abuse-lawsuits-against-illinois-youth-center-st-charles.html 
St. Louis House of Refuge,"St. Louis, Missouri",Reformatory,All races but segregated,Both,No,1855 - late 1890s ,Unknown ,Unknown ,no,SELECT,no,yes ,yes ,"https://dutchtownstl.org/2023/09/house-of-refuge-marquette-park/#:~:text=The%20House%20of%20Refuge's%20punishments%20included:%20*,the%20land%20was%20converted%20into%20Marquette%20Park."
Oklahoma State Training School for Incorrigible Negro Girls ,"Taft, Oklahoma",Correctional,Black youth,Girls ,No,1917 - 1964 ,Unknown ,Unknown ,no,SELECT,no,yes ,yes ,"Based on available, albeit fragmented, accounts from similar historical institutions, the Oklahoma State Training School for Incorrigible Negro Girls likely faced allegations of forced labor, poor nutrition, and harsh disciplinary conditions. Testimonies from similar era-specific training schools for girls described, for example, forced farm work (manure/dirt), severe food restriction as punishment, and lack of hygiene products."
Oklahoma State Industrial School for Girls,"Tecumseh, Oklahoma",Reformatory,White youth ,Girls ,No,1930s (mid) - ? ,Unknown ,Unknown ,no,SELECT,no,unknown,unknown,
State Industrial School for Boys ,"Topeka, Kansas",Reformatory,All races,Boys ,SELECT,1881 - present (under new name and a prison facility not as an active educationa linsutrials school for boys) ,Unknown ,Unknown ,no,SELECT,no,yes ,no,General info about the facility 
State Industrial School for Girls,"Trenton, New Jersey",Industrial School,Unknown,Girls ,SELECT,1871 - 1970s (mid to late) ,Unknown ,Unknown ,no,SELECT,no,yes ,yes ,Article about school 
National Training School for Boys ,"Washington, D.C.",Correctional,All races but segregated,Boys ,No,1909 - 1968 ,Unknown ,Unknown ,no,SELECT,no,yes ,no,
District of Columbia Reform School for Girls ,"Washington, D.C.",Reformatory,Black youth,Girls ,No,1888 - 1953 ,Unknown ,Unknown ,no,SELECT,no,yes ,yes ,"The District of Columbia Reform School for Girls (later the National Training School for Girls) existed for roughly 65 years, from its authorization in 1888 to its effective closure in 1953. It was renamed in 1912 and served as a federal correctional facility for delinquent girls until moving to Maryland and later shutting down due to poor conditions and declining population."
Vermont Reform School,"Waterbury, Vermont",Correctional,White youth ,Boys ,No,1874 - 1979 ,Unknown ,Unknown ,no,SELECT,no,yes ,yes ,"While no explicit, published ""white-only"" policy from 1874 is frequently cited, the demographics and social landscape of 19th-century Vermont meant the school was overwhelmingly, if not exclusively, serving white children in its earliest years."
House of Refuge for Juvenile Delinquents,"Waukesha, Wisconsin",Industrial School,White youth ,Boys ,No,1825 - 1860 ,Unknown ,Unknown ,no,SELECT,no,yes ,yes ,
State Reform School,"West Meridian, Connecticut",Correctional,All races but segregated,Boys ,No,1854 - 1995 ,100 + ,100 + ,yes,maintained,no,yes ,yes ,"Link to cemetery ledger and death certificates Historical documents primarily identify the population as ""boys"" and report on the burial of ""boys"" (many of whom were Irish immigrant children), suggesting it was for boys regardless of race, though in practice it was likely segregated or primarily served white youth based on the era, though no explicit race exclusion policy is noted in the provided search results."
Lakin Industrial School for Colored Boys ,West Virginia,Reformatory ,Black youth,Boys ,SELECT,1924 - 1956 ,Unknown ,Unknown ,no,SELECT,no,unknown,unknown,"While segregated schools of that era often included labor as part of training, specific, widely documented allegations of abusive forced labor—distinct from general vocational education—are not prominently highlighted in typical historical accounts of the Lakin institution itself."
State Industrial School for Colored Girls ,West Virginia,Reformatory ,Black youth,Girls ,"SELECT, No",1925 - 1956 ,Unknown ,Unknown ,Possible,unknown,no,yes ,yes ,"https://www.seacoastonline.com/story/news/2001/06/01/state-uncovers-forgotten-girls-cemetery/51298449007/ - Yes, the State Industrial Home for Colored Girls in West Virginia (established 1921) faced significant allegations and evidence of mistreatment. Historical reports indicated harsh punishment, inadequate conditions, and abuse, with some accounts suggesting it operated more as a penal institution with severely limited educational resources compared to its white counterpart."
Lyman School for Boys,"Westboro, Massachusetts",Reformatory ,All races,Boys ,No,1886- 1971 ,Unknown ,Unknown ,Rumored,unknown,no,no,yes ,"The Lyman School for Boys, located in Westborough, Massachusetts, was the first state-operated reform school in the United States, established in 1847 to rehabilitate delinquent boys. Originally known as the State Reform School for Boys, it operated as a, often strict, correctional institution, focusing on training through manual labor and education until it closed in the 1970s.-- Predecessor (1848–1884): Originally established as the State Reform School for Boys, the first state-funded reform school in the U.S..Transition (1884–1886): Following a fire and administrative restructuring, the school was reorganized.Establishment of Lyman (1886): Officially rebranded as the Lyman School for Boys with a new, dispersed ""cottage plan"" campus."
Whittier State School,"Whittier, California",Reformatory ,All races but segregated,Both,No,1891 - 2004 ,2 (suicide by hanging in their cells) ,2 (suicide by hanging in their cells) ,no,SELECT,no,yes ,no,"Based on historical reports, at least two specific, widely discussed deaths occurred at the Whittier State School (later Fred C. Nelles School) in California during 1939 and 1940. Two teenage boys, Manuel Moreno and J.A. Leiva, committed suicide by hanging themselves in their cells.1939-1940 Incident: Two Mexican American juvenile delinquents committed suicide in their cells, which prompted a public uproar and investigations into accusations of abuse by staff, according to a report in The Atlantic and a Project MUSE article."
Ferris School for Boys,"Wilmington, Delaware",Reformatory ,All races,Boys ,Yes,1885 - present ,Unknown ,Unknown ,no,SELECT,no,yes ,no,
MacLaren Youth Correctional Facility,"Woodburn, Oregon",Correctional,White youth ,Boys ,Yes,1926 - present,Unknown ,Unknown ,yes,maintained,yes ,yes ,no,"There is a cementary called Bonney Cemetery located on the grounds but it serves as a burial site for early Oregon settlers, not youth incarcerated there-- link to recent article https://katu.com/news/local/grand-jury-highlights-safety-well-being-issues-at-mclaren-youth-correctional-facility-oregon-authority-criminal-indictments"
Wyoming Boys School,"Worland, Wyoming",Correctional,White youth ,Boys ,Yes,1910 - present,Unknown ,Unknown ,no,SELECT,yes ,yes ,no,When it started it mostly housed white boys but early records did not explicitly state race-based exclusion. Link to 2022 report of the school https://wyofile.com/violence-restraints-isolation-increase-at-wyoming-boys-school/ 
Negro Boys Industrial School,"Wrightsville, Arkansas",Correctional,Black youth,Boys ,No,1927 - 1968 ,21,21,yes,maintained,yes ,yes ,yes ,"The latest report on the school seems to be in 2025 with an article from BlackPast.org going over the fire that killed 21 boys 
https://encyclopediaofarkansas.net/entries/negro-boys-industrial-school-fire-of-1959-5500/
https://katv.com/news/local/honoring-the-wrightsville-teenage-boys-who-died-in-school-fire "
New York State Training School for Girls ,New York,Reformatory ,All races,Girls ,No,1904 - 1975,Unknown,Unknown,no,SELECT,yes ,yes ,yes ,https://www.youtube.com/watch?v=ZwVMy6yYOrE
,,,,,,,,,,,,,,
,,,,,,,1076,,,,,,,
,,,,,,,,,,,,,,
,,,,,,,,,,,,,,
"Update the folloowing with the citie sAugusta Reformatory — Georgia
Genoa Indian Industrial School — Nebraska
Lakin Industrial School for Colored Boys — West Virginia
State Industrial School for Colored Girls — West Virginia
(borderline) New York Training School for Boys — New York (city unclear—could be multiple locations)",,,,,,,,,,,,,,