uid,nces_school_id,school_name,nces_district_id,district_name,date,school_year,year,time,day_of_week,city,state,school_type,enrollment,killed,injured,casualties,shooting_type,age_shooter1,gender_shooter1,race_ethnicity_shooter1,shooter_relationship1,shooter_deceased1,deceased_notes1,age_shooter2,gender_shooter2,race_ethnicity_shooter2,shooter_relationship2,shooter_deceased2,deceased_notes2,white,black,hispanic,asian,american_indian_alaska_native,hawaiian_native_pacific_islander,two_or_more,resource_officer,weapon,weapon_source,lat,long,staffing,low_grade,high_grade,lunch,county,state_fips,county_fips,ulocale
1,080480000707,Columbine High School,0804800,Jefferson County R-1,4/20/1999,1998-1999,1999,11:19:00,Tuesday,Littleton,Colorado,public,1965,13,21,34,indiscriminate,18,m,w,student,1,suicide,17,m,w,student,1,suicide,1783,16,112,42,12,NA,NA,1,"12-gauge Savage-Springfield 67H pump-action shotgun, Hi-Point 995 Carbine 9 mm carbine, 9×19mm Intratec TEC-9 semi-automatic handgun, 12-gauge Stevens 311D double-barreled sawed-off shotgun",purchased from friends,39.60391,-105.075,89.6,9,12,41,Jefferson County,08,08059,21
6,350069000240,Deming Middle School,3500690,Deming Public Schools,11/19/1999,1999-2000,1999,12:45:00,Friday,Deming,New Mexico,public,753,1,0,1,accidental or targeted,12,m,h,student,0,NA,NA,NA,NA,NA,NA,NA,160,6,583,2,2,NA,NA,0,.22-caliber Colt revolver,home,32.261547,-107.762986,44,6,7,502,Luna County,35,35029,33
8,120153001590,Ridgewood High School,1201530,Pasco,1/19/2000,1999-2000,2000,15:00:00,Wednesday,New Port Richey,Florida,public,1852,1,0,1,accidental,16,m,w,student,0,NA,NA,NA,NA,NA,NA,NA,1697,28,96,26,5,NA,NA,1,.22-caliber Magnum handgun,stolen,28.273253,-82.687231,85,9,12,654,Pasco County,12,12101,21
13,260450004135,Buell Elementary School,2604500,Beecher Community School District,2/29/2000,1999-2000,2000,10:00:00,Tuesday,Mount Morris Township,Michigan,public,459,1,0,1,targeted,6,m,b,student,0,NA,NA,NA,NA,NA,NA,NA,125,261,37,0,1,NA,NA,0,.32-caliber semiautomatic handgun,"uncle's friend, found in open shoebox",43.079604,-83.706037,20,KG,4,421,Genesee County,26,26049,21
15,040146000077,Carmichael Elementary School,0401460,Sierra Vista Unified District,5/10/2000,1999-2000,2000,13:30:00,Wednesday,Sierra Vista,Arizona,public,397,1,0,1,targeted,39,m,NA,spouse of teacher,1,suicide,NA,NA,NA,NA,NA,NA,178,51,154,8,6,NA,NA,0,NA,NA,31.56269,-110.29924,24.5,KG,5,NA,Cochise County,04,04003,13
16,120150002873,Lake Worth Middle School,1201500,Palm Beach County School District,5/26/2000,1999-2000,2000,15:00:00,Friday,Lake Worth,Florida,public,1525,1,0,1,targeted,13,m,b,student,0,NA,NA,NA,NA,NA,NA,NA,414,560,528,17,6,NA,NA,0,.25-caliber handgun,grandfather,26.451351,-80.085968,95,6,8,1186,Palm Beach County,12,12099,21
21,240009000263,Lake Clifton Eastern High School,2400090,Baltimore City Public Schools,1/17/2001,2000-2001,2001,08:45:00,Wednesday,Baltimore,Maryland,public,2236,1,0,1,targeted,19,m,NA,none,0,NA,NA,NA,NA,NA,NA,NA,24,2205,2,4,1,NA,NA,0,.32-caliber handgun,NA,39.316116,-76.590038,126.5,PK,12,914,Baltimore City,24,24510,11
23,061623002026,Santana High School,0616230,Grossmont Union High,3/5/2001,2000-2001,2001,09:20:00,Monday,Santee,California,public,1894,2,13,15,indiscriminate,15,m,w,student,0,NA,NA,NA,NA,NA,NA,NA,1591,24,174,58,8,NA,NA,1,.22-caliber revolver,father,32.85756,-116.971045,79.9,9,12,202,San Diego County,06,06073,21
26,180387000637,Lew Wallace High School,1803870,Gary Community School Corp,3/30/2001,2000-2001,2001,08:15:00,Friday,Gary,Indiana,public,1179,1,0,1,targeted,17,m,NA,former student (expelled),0,NA,NA,NA,NA,NA,NA,NA,2,1135,39,3,0,NA,NA,1,pistol,NA,41.536645,-87.34132,64,9,12,446,Lake County,18,18089,13
30,210135000271,Latonia Elementary School,2101350,Covington Independent,9/12/2001,2001-2002,2001,15:00:00,Wednesday,Covington,Kentucky,public,526,1,0,1,targeted,30,f,w,parent of student,0,NA,NA,NA,NA,NA,NA,NA,441,81,0,1,3,NA,NA,0,.380-caliber semiautomatic pistol,NA,39.044149,-84.49833,16.8,KG,5,350,Kenton County,21,21117,21
37,753892,St. James Catholic School,NA,NA,11/7/2002,2002-2003,2002,12:30:00,Thursday,Liberty,Missouri,private,297,1,1,2,targeted,41,m,NA,parent of student,0,NA,NA,NA,NA,NA,NA,NA,287,4,5,1,0,NA,NA,0,revolver,legally purchased by shooter,39.240746,-94.45515,NA,KG,8,NA,Clay County,29,29047,21
41,220117000928,John McDonogh High School,2201170,Orleans Parish School Board,4/14/2003,2002-2003,2003,10:30:00,Monday,New Orleans,Louisiana,public,1260,1,3,4,targeted,19,m,NA,none,0,NA,17,m,NA,none,NA,NA,10,1241,9,0,0,NA,NA,1,AK-47 and semiautomatic pistol,NA,29.974421,-90.075733,63,8,12,843,Orleans Parish,22,22071,11
43,422010004597,Red Lion Area Junior High School,4220100,Red Lion Area SD,4/24/2003,2002-2003,2003,07:30:00,Thursday,Red Lion,Pennsylvania,public,965,1,0,1,targeted,14,m,w,student,1,suicide,NA,NA,NA,NA,NA,NA,949,6,5,5,0,NA,NA,1,".44-caliber handgun, .22-caliber gun to kill himself",stepfather,39.893809,-76.609728,46,7,8,156,York County,42,42133,22
44,280447000830,Vicksburg High School,2804470,Vicksburg Warren School Dist,9/10/2003,2003-2004,2003,14:30:00,Wednesday,Vicksburg,Mississippi,public,1121,1,0,1,targeted,20,m,NA,NA,0,NA,NA,NA,NA,NA,NA,NA,388,719,9,5,0,NA,NA,0,handgun,NA,32.323263,-90.885251,63.8,9,12,540,Warren County,28,28149,32
46,270944000388,Rocori High School,2709440,Rocori,9/24/2003,2003-2004,2003,11:38:00,Wednesday,Cold Spring,Minnesota,public,831,2,0,2,targeted,15,m,w,student,0,NA,NA,NA,NA,NA,NA,NA,813,3,8,7,0,NA,NA,0,.22 caliber pistol,father,45.466258,-94.426618,48,8,12,100,Stearns County,27,27145,31
49,110003000084,Ballou High School,1100030,District Of Columbia Pub Schls,2/2/2004,2003-2004,2004,10:30:00,Monday,Washington,District of Columbia,public,1090,1,1,2,targeted,18,m,b,student,0,NA,NA,NA,NA,NA,NA,NA,0,1084,2,2,2,NA,NA,1,.380-caliber pistol,puchased by shooter and friends,38.839005,-77.001667,68,9,12,897,District of Columbia,11,11001,11
51,421899003675,T.M. Peirce Elementary School,4218990,Philadelphia City SD,2/11/2004,2003-2004,2004,08:30:00,Wednesday,Philadelphia,Pennsylvania,public,453,1,1,2,targeted,19,m,b,none,0,NA,20,m,b,none,0,NA,2,445,4,2,0,NA,NA,1,"carbine rifle, assault weapon",NA,39.998621,-75.168248,26,KG,5,450,Philadelphia County,42,42101,11
53,173291003406,Proviso East High School,1732910,Proviso Twp H S Dist 209,8/30/2004,2004-2005,2004,14:30:00,Monday,Maywood,Illinois,public,2068,1,0,1,targeted,NA,m,b,none,0,NA,NA,NA,NA,NA,NA,NA,44,1506,497,9,10,NA,NA,1,handgun,NA,41.88062,-87.83382,110,9,12,637,Cook County,17,17031,21
61,273051001303,Red Lake High School,2730510,Red Lake,3/21/2005,2004-2005,2005,14:49:00,Monday,Red Lake,Minnesota,public,331,7,7,14,indiscriminate,16,m,ai,former student,1,suicide,NA,NA,NA,NA,NA,NA,0,0,0,0,331,NA,NA,1,".40 caliber Glock 23 pistol, 870 12 gauge pump-action shotgun",grandfather,47.8509,-95.0629,31.1,9,12,295,Beltrami County,27,27007,43
63,422583001736,Highland Elementary School,4225830,West Shore SD,5/17/2005,2004-2005,2005,15:00:00,Tuesday,Lower Allen Township,Pennsylvania,public,445,1,0,1,targeted,47,m,NA,dating mother of student,1,suicide,NA,NA,NA,NA,NA,NA,403,23,10,9,0,NA,NA,0,9 mm semiautomatic handgun,NA,40.21999,-76.95256,24.2,KG,5,35,Cumberland County,42,42041,21
69,470042000117,Campbell County High School,4700420,Campbell County School Distrct,11/8/2005,2005-2006,2005,14:00:00,Tuesday,Jacksboro,Tennessee,public,1440,1,2,3,targeted and indiscriminate,15,m,w,student,0,NA,NA,NA,NA,NA,NA,NA,1429,0,6,5,0,NA,NA,0,.22-caliber pistol,NA,36.35086,-84.14832,79.4,9,12,851,Campbell County,47,47013,32
72,120171001868,Milwee Middle School,1201710,Seminole County School District,1/13/2006,2005-2006,2006,09:30:00,Friday,Longwood,Florida,public,1121,1,0,1,targeted,NA,m,w,SWAT officer,0,NA,NA,NA,NA,NA,NA,NA,635,158,309,18,1,NA,NA,1,high-powered rifle,police issued,28.68172,-81.34669,76,6,8,569,Seminole County,12,12117,21
79,062271003429,Venice High School,0622710,Los Angeles Unified,6/5/2006,2005-2006,2006,15:10:00,Monday,Los Angeles,California,public,3210,1,0,1,targeted,21,m,b,NA,0,NA,NA,NA,NA,NA,NA,NA,413,336,2173,269,19,NA,NA,0,handgun,NA,33.99881,-118.44282,129.2,9,12,2063,Los Angeles County,06,06037,11
82,080237000087,Platte Canyon High School,0802370,"Platte Canyon, School District No. 1, Of The County Of Park",9/27/2006,2006-2007,2006,11:40:00,Wednesday,Bailey,Colorado,public,476,1,0,1,targeted,53,m,w,NA,1,suicide,NA,NA,NA,NA,NA,NA,424,4,28,7,13,NA,NA,0,".40 S&W caliber Glock 22 pistol, Smith & Wesson .357-caliber revolver",NA,39.45566,-105.64543,26.2,9,12,82,Park County,08,08093,43
83,551647002155,Weston High School,5516470,Weston,9/29/2006,2006-2007,2006,08:10:00,Friday,Cazenovia,Wisconsin,public,119,1,0,1,targeted,15,m,w,student,0,NA,NA,NA,NA,NA,NA,NA,117,2,0,0,0,NA,NA,0,"long-barrel shotgun, 22-pistol",father,43.48211,-90.19016,10.5,9,12,35,Sauk County,55,55111,43
84,NA,West Nickel Mines Amish School,NA,NA,10/2/2006,2006-2007,2006,11:07:00,Monday,Nickel Mines,Pennsylvania,private,26,5,5,10,targeted,32,m,w,none; worked in community,1,suicide,NA,NA,NA,NA,NA,NA,26,0,0,0,0,NA,NA,0,"9mm handgun, a shotgun, a 30.06 rifle",purchased legally by shooter,39.960081,-76.084367,NULL,NA,NA,NULL,Lancaster County,42,42071,NA
86,530870001466,Henry Foss High School,5308700,Tacoma School District,1/3/2007,2006-2007,2007,07:30:00,Wednesday,Tacoma,Washington,public,1749,1,0,1,targeted,18,m,NA,student,0,NA,NA,NA,NA,NA,NA,NA,692,535,139,354,29,NA,NA,0,handgun,NA,47.24114,-122.49364,85.4,9,12,884,Peirce County,53,53053,12
100,061785002199,E.O. Green Junior High School,0617850,Hueneme Elementary,2/12/2008,2007-2008,2008,08:15:00,Tuesday,Oxnard,California,public,1065,1,0,1,targeted,14,m,NA,student,0,NA,NA,NA,NA,NA,NA,NA,125,49,829,58,4,NA,NA,0,.22-caliber handgun,relative,34.16568,-119.1814,50,6,8,775,Ventura County,06,06111,12
101,NA,Friends of Children Head Start center,NA,NA,3/18/2008,2007-2008,2008,13:00:00,Tuesday,Carthage,Mississippi,private,100,1,1,2,NA,23,NA,NA,NA,NA,NA,NA,NA,NA,NA,NA,NA,NA,NA,NA,NA,NA,NA,NA,0,.45-caliber handgun,NA,NA,NA,NA,PK,PK,NA,Leake County,28,28079,32
102,061455001762,Roosevelt High School,0614550,Fresno Unified,4/16/2008,2007-2008,2008,11:54:00,Wednesday,Fresno,California,public,2735,1,0,1,targeted,38,m,NA,resource officer,0,NA,NA,NA,NA,NA,NA,NA,130,112,2039,444,10,NA,NA,1,pistol,department issued,36.74302,-119.7537,137.6,9,12,2466,Fresno County,06,06019,11
103,470222000775,Central High School,4702220,Knox County School District,8/21/2008,2008-2009,2008,08:10:00,Thursday,Knoxville,Tennessee,public,1210,1,0,1,targeted,15,m,NA,student,0,NA,NA,NA,NA,NA,NA,NA,872,254,55,25,4,NA,NA,1,"small-caliber, semiautomatic pistol",NA,36.0392,-83.9216,79.5,9,12,569,Knox County,47,47093,12
104,120018000169,Dillard High School,1200180,Broward,11/12/2008,2008-2009,2008,11:00:00,Wednesday,Fort Lauderdale,Florida,public,1758,1,0,1,targeted,15,f,b,student,0,NA,NA,NA,NA,NA,NA,NA,80,1576,76,6,1,NA,NA,1,.22-caliber semi-automatic handgun,family member,26.1383,-80.176,149.4,9,12,1193,Broward County,12,12011,12
112,450249000244,Carolina Forest High School,4502490,Horry 01,10/16/2009,2009-2010,2009,08:25:00,Friday,Conway,South Carolina,public,1958,1,0,1,targeted,NA,m,w,school resource officer,0,NA,NA,NA,NA,NA,NA,NA,1400,309,124,60,25,NA,NA,1,.40 caliber Glock,department issued,33.780761,-78.97152,102.5,9,12,901,Horry County,45,45051,41
114,010000800495,Discovery Middle School,0100008,Madison City,2/5/2010,2009-2010,2010,13:45:00,Friday,Madison,Alabama,public,1000,1,0,1,targeted,14,m,a,student,0,NA,NA,NA,NA,NA,NA,NA,707,188,27,50,8,NA,NA,1,.22-caliber pistol,friend's home,34.740322,-86.741148,54.5,7,9,176,Madison County,01,01089,22
118,470399001624,Sullivan Central High School,4703990,Sullivan County,8/30/2010,2010-2011,2010,09:10:00,Monday,Blountville,Tennessee,public,1115,1,0,1,targeted,NA,NA,NA,police officer,0,NA,NA,NA,NA,NA,NA,NA,1097,7,6,3,1,0,1,1,handgun,department issued,36.531336,-82.387049,67.7,9,12,386,Sullivan County,47,47163,41
120,063398005332,Alisal High School,0633980,Salinas Union High,10/1/2010,2010-2011,2010,07:53:00,Friday,Salinas,California,public,2478,1,0,1,targeted,NA,m,NA,NA,0,NA,NA,NA,NA,NA,NA,NA,14,10,2420,28,1,5,0,0,NA,NA,36.686184,-121.595961,NULL,3,12,1869,Monterey County,06,06053,12
123,317374001251,Millard South High School,3173740,Millard Public Schools,1/5/2011,2010-2011,2011,12:45:00,Wednesday,Omaha,Nebraska,public,2043,1,2,3,targeted and indiscriminate,17,m,b,student,1,suicide,NA,NA,NA,NA,NA,NA,1668,79,186,32,12,6,60,0,Glock .40-caliber S&W pistol,father,41.203481,-96.146049,135.5,9,12,475,Douglas County,31,31055,11
125,063078004786,Louisiana Schnell Elementary School,0630780,Placerville Union Elementary,2/2/2011,2010-2011,2011,10:37:00,Wednesday,Placerville,California,public,424,1,0,1,targeted,44,m,w,janitor,0,NA,NA,NA,NA,NA,NA,NA,259,2,121,3,8,0,31,0,.357-caliber revolver,legally purchased by shooter,38.735106,-120.779419,NULL,KG,5,264,El Dorado County,06,06017,32
130,481168000648,Cummings Middle School,4811680,Brownsville ISD,1/4/2012,2011-2012,2012,08:00:00,Wednesday,Brownsville,Texas,public,746,1,0,1,targeted,NA,m,NA,police officer,0,NA,NA,NA,NA,NA,NA,NA,3,0,742,0,1,0,0,0,NA,department issued,25.913899,-97.493734,49.47,6,8,0,Cameron County,48,48061,12
134,390471802789,Chardon High School,3904718,Chardon Local,2/27/2012,2011-2012,2012,07:30:00,Monday,Chardon,Ohio,public,1058,3,3,6,indiscriminate,17,m,w,"student at neighboring school, rode bus with some victims",0,NA,NA,NA,NA,NA,NA,NA,1028,5,9,4,4,0,8,0,Ruger MK III .22 caliber semi-automatic handgun,uncle,41.591297,-81.199958,58,9,12,193,Geauga County,39,39055,31
135,00259508,Episcopal School of Jacksonville,NA,NA,3/6/2012,2011-2012,2012,13:15:00,Tuesday,Jacksonville,Florida,private,869,1,0,1,targeted,28,m,w,fired teacher,1,suicide,NA,NA,NA,NA,NA,NA,753,44,25,5,3,0,39,0,AK-47 assault-style rifle,legally purchased at gun show,30.308617,-81.617917,92.8,6,12,NULL,Duval County,12,12031,11
137,370072002474,Mary Scroggs Elementary School,3700720,Chapel Hill-Carrboro Schools,5/25/2012,2011-2012,2012,14:00:00,Friday,Chapel Hill,North Carolina,public,614,1,0,1,targeted,49,m,NA,parent of students,0,NA,NA,NA,NA,NA,NA,NA,325,32,106,66,1,0,84,0,Charter Arms .44 Bulldog revolver,NA,35.879122,-79.068506,42.73,KG,5,135,Orange County,37,37135,13
140,090291000617,Sandy Hook Elementary School,902910,Newtown School District,12/14/2012,2012-2013,2012,09:35:00,Friday,Newtown,Connecticut,public,454,26,2,28,indiscriminate,20,m,w,former student,1,suicide,NA,NA,NA,NA,NA,NA,389,15,22,23,0,0,5,0,Bushmaster XM15-E2S rifle,mother,41.41978,-73.277751,35.76,KG,4,23,Fairfield County,09,09001,22
141,A0300763,Apostolic Revival Center and Christian School,NA,NA,1/7/2013,2012-2013,2013,11:00:00,Monday,Fort Myers,Florida,private,22,1,0,1,targeted,NA,NA,NA,NA,0,NA,NA,NA,NA,NA,NA,NA,0,22,0,0,0,0,0,0,NA,NA,26.64062,-81.834212,3,PK,7,NULL,Lee County,12,12071,13
150,320048000247,Sparks Middle School,3200480,Washoe County School District,10/21/2013,2013-2014,2013,07:15:00,Monday,Sparks,Nevada,public,721,1,2,3,indiscriminate,12,m,h,student,1,suicide,NA,NA,NA,NA,NA,NA,146,13,501,26,4,9,22,0,Ruger SR9C semi-automatic handgun (9mm),father,39.5517,-119.7694,35,7,8,538,Washoe County,32,32031,21
153,080531000873,Arapahoe High School,0805310,"Littleton, School District No. 6, In The County Of Arapahoe",12/13/2013,2013-2014,2013,12:30:00,Friday,Centennial,Colorado,public,2273,1,0,1,targeted,18,m,w,student,1,suicide,NA,NA,NA,NA,NA,NA,1879,26,225,57,9,3,74,1,Savage Arms Stevens Model 320 pump-action shotgun,legally purchased by shooter at Cabela's,39.5817,-104.9628,98.96,9,12,200,Arapahoe County,08,08005,21
162,291640003220,Success Academy,2916400,Kansas City 33,2/20/2014,2013-2014,2014,10:30:00,Thursday,Raytown,Missouri,public,175,1,0,1,targeted,42,m,b,father of student,0,NA,NA,NA,NA,NA,NA,NA,NA,NA,NA,NA,NA,NA,NA,0,.45-caliber handgun,legally purchased at pawn shop that morning,39.094,-94.5688,28.4,KG,12,NULL,Jackson County,29,29095,11
165,411052001009,Reynolds High School,4110520,Reynolds SD 7,6/10/2014,2013-2014,2014,08:07:00,Tuesday,Troutdale,Oregon,public,2806,1,1,2,indiscriminate,15,m,w,student,1,suicide,NA,NA,NA,NA,NA,NA,1208,231,917,263,21,41,125,1,M4 AR-15 rifle,brother,45.5285,-122.4026,106.78,9,12,1744,Multnomah County,41,41051,21
169,530486003317,Marysville Pilchuck High School,5304860,Marysville School District,10/24/2014,2014-2015,2014,10:39:00,Friday,Marysville,Washington,public,1253,4,1,5,targeted,15,m,n,student,1,suicide,NA,NA,NA,NA,NA,NA,736,25,250,46,77,1,118,1,.40-caliber Beretta Px4 Storm handgun,father,48.09582,-122.154021,55.3,9,12,532,Snohomish County,53,53061,22
179,040345000284,Independence High School,0403450,Glendale Union High School District,2/12/2016,2015-2016,2016,07:53:00,Friday,Glendale,Arizona,public,2114,1,0,1,targeted,15,f,NA,student,1,suicide,NA,NA,NA,NA,NA,NA,247,190,1535,42,29,3,68,0,9mm Beretta pistol,"classmate, who took from parents",33.53216,-112.221,89.6,9,12,1584,Maricopa County,04,04013,21
183,450087000092,Townville Elementary School,4500870,Anderson 04,9/28/2016,2016-2017,2016,13:45:00,Wednesday,Townville,South Carolina,public,295,1,2,3,indiscriminate,14,m,w,former student,0,NA,NA,NA,NA,NA,NA,NA,265,13,3,2,0,1,11,0,.40 caliber pistol,father,34.56311,-82.903471,19,PK,6,186,Anderson County,45,45007,42
192,063417005375,North Park Elementary School,0634170,San Bernardino City Unified,4/10/2017,2016-2017,2017,10:30:00,Monday,San Bernardino,California,public,531,2,1,3,targeted,53,m,b,husband of teacher,1,suicide,NA,NA,NA,NA,NA,NA,61,60,360,9,3,0,38,0,Smith & Wesson .357 Magnum revolver,NA,34.179206,-117.301804,19,KG,6,407,San Bernardino County,06,06071,12
197,530297000485,Freeman High School,5302970,Freeman School District,9/13/2017,2017-2018,2017,10:00:00,Wednesday,Rockford,Washington,public,330,1,3,4,indiscriminate,15,m,w,student,0,NA,NA,NA,NA,NA,NA,NA,282,7,23,5,4,0,9,1,"AR-15, pistol",father,47.519667,-117.19638,16.61,9,12,69,Spokane County,53,53063,42
202,350015000135,Aztec High School,3500150,Aztec Municipal Schools,12/7/2017,2017-2018,2017,08:04:00,Thursday,Aztec,New Mexico,public,905,2,0,2,indiscriminate,21,m,w,former student,1,suicide,NA,NA,NA,NA,NA,NA,495,7,225,2,170,2,4,0,9mm Glock,legally purchased by shooter,36.820644,-107.990379,52.5,9,12,432,San Juan County,35,35045,31
206,210381000976,Marshall County High School,2103810,Marshall County,1/23/2018,2017-2018,2018,07:57:00,Tuesday,Benton,Kentucky,public,1384,2,14,16,indiscriminate,15,m,w,student,0,NA,NA,NA,NA,NA,NA,NA,1353,1,14,2,3,0,11,1,handgun,stepfather's bedroom,36.912835,-88.332917,73.1,9,12,584,Marshall County,21,21157,42
209,120018002721,Marjory Stoneman Douglas High School,1200180,Broward,2/14/2018,2017-2018,2018,14:21:00,Wednesday,Parkland,Florida,public,3158,17,17,34,indiscriminate,19,m,w,former student (expelled),0,NA,NA,NA,NA,NA,NA,NA,1871,364,623,210,17,2,71,1,Smith & Wesson M&P15,legally purchased by shooter,26.304483,-80.269365,129,9,12,710,Broward County,12,12011,21
211,010039000141,Huffman High School,0100390,Birmingham City,3/7/2018,2017-2018,2018,15:45:00,Wednesday,Birmingham,Alabama,public,1433,1,0,1,accidental,17,m,b,student,0,NA,NA,NA,NA,NA,NA,NA,13,1341,63,2,6,0,8,1,pistol,NA,33.61291,-86.682,66,9,12,775,Jefferson County,01,01073,12
215,240060001224,Great Mills High School,2400600,St. Mary's County Public Schools,3/20/2018,2017-2018,2018,07:55:00,Tuesday,Great Mills,Maryland,public,1535,1,1,2,targeted,17,m,w,student,1,suicide,NA,NA,NA,NA,NA,NA,657,577,121,76,4,1,99,1,Glock semi-automatic handgun,father,38.24743,-76.4875,86.3,9,12,554,St. Mary's County,24,24037,23
220,483927004473,Santa Fe High School,4839270,Santa Fe ISD,5/18/2018,2017-2018,2018,07:30:00,Friday,Santa Fe,Texas,public,1462,10,13,23,indiscriminate,17,m,w,student,0,NA,NA,NA,NA,NA,NA,NA,1136,10,278,8,9,1,20,1,Remington 870 shotgun and a .38-caliber revolver,NA,29.393257,-95.143149,83.38,9,12,287,Galveston County,48,48167,22
223,320006000567,Canyon Springs High School,3200060,Clark County School District,9/11/2018,2018-2019,2018,14:35:00,Tuesday,North Las Vegas,Nevada,public,2887,1,0,1,targeted,16,m,b,student,0,NA,NA,NA,NA,NA,NA,NA,154,793,1757,56,4,18,105,1,NA,NA,36.233566,-115.135695,115,9,12,2321,Clark County,32,32003,21
227,370297002324,Butler High School,3702970,Charlotte-Mecklenburg Schools,10/29/2018,2018-2019,2018,07:00:00,Monday,Matthews,North Carolina,public,2133,1,0,1,targeted,16,m,b,student,0,NA,NA,NA,NA,NA,NA,NA,860,681,410,86,9,1,86,1,.380 pistol,stolen,35.1203,-80.6916,114.21,9,12,876,Mecklenburg County,37,37119,21
239,080345006493,STEM School Highlands Ranch,0803450,Douglas County School District NO. Re 1,5/7/2019,2018-2019,2019,13:52:00,Tuesday,Highlands Ranch,Colorado,public,1850,1,8,9,indiscriminate,16,m,w,student,0,NA,18,m,w,student,0,NA,1074,5,184,242,5,1,87,1,"Glock 21 .45-caliber semi-automatic pistol, Beretta M9 9mm semi-automatic pistol, Taurus Revolver and a Ruger 10/22 .22-caliber semi-automatic rifle",parent,39.5559,-104.9979,82.62,KG,12,89,Douglas County,08,08035,21
284,NA,Esteban Torres High School,0622710,NA,11/13/2019,2019-2020,2019,09:00:00,Wednesday,Los Angeles,California,public,1876,1,0,1,targeted,NA,NA,NA,sheriff's deputy,NA,NA,NA,NA,NA,NA,NA,NA,9,20,1836,8,2,0,1,1,NA,police,34.041846,-118.175531,97.75,9,12,1802,Los Angeles County,06,06037,21
248,064251006961,Saugus High School,0642510,William S. Hart Union High,11/14/2019,2019-2020,2019,07:38:00,Thursday,Saugus,California,public,2441,2,3,5,indiscriminate,16,m,NA,student,1,suicide,NA,NA,NA,NA,NA,NA,1294,47,772,176,3,1,148,NA,.45 caliber 1911 pistol,ghost gun,34.441924,-118.518128,93.98,9,12,406,Los Angeles County,06,06037,21
254,482364002397,Bellaire High School,4823640,Houston ISD,1/14/2020,2019-2020,2020,16:00:00,Tuesday,Bellaire,Texas,public,3487,1,0,1,accidental,16,m,NA,student,0,NA,NA,NA,NA,NA,NA,NA,722,695,1520,469,8,3,70,NA,.32 caliber semi-automatic pistol,NA,29.692163,-95.469159,203.32,9,12,1665,Harris County,48,48201,21
263,51393001212,Watson Chapel Junior High,0513930,Watson Chapel School District,3/1/2021,2020-2021,2021,09:55:00,Monday,Pine Bluff,Arkansas,public,615,1,0,1,targeted,15,m,b,NA,NA,NA,NA,NA,NA,NA,NA,NA,91,498,12,11,0,0,3,NA,handgun,NA,34.189927,-92.065921,43.53,7,9,488,Jefferson County,05,05069,41
271,100162000141,Smyrna Middle School,1001620,Smyrna School District,4/27/2021,2020-2021,2021,10:25:00,Tuesday,Smyrna,Delaware,public,984,1,0,1,targeted,47,m,b,NA,NA,NA,NA,NA,NA,NA,NA,NA,571,286,76,16,0,2,33,NA,handgun,NA,39.302595,-75.623778,64,7,8,NA,Kent County,10,10001,41
272,360106506342,Urban Dove Team Charter School,3601065,Urban Dove Team Charter School,4/29/2021,2020-2021,2021,14:45:00,Thursday,Brooklyn,New York,public,313,1,0,1,targeted,15,m,b,NA,NA,NA,16,m,b,NA,NA,NA,3,218,81,1,10,0,0,NA,NA,NA,40.622473,-73.954975,24,10,12,268,Kings County,36,36047,11
287,350006000118,Washington Middle School,3500060,Albuquerque Public Schools,8/13/2021,2021-2022,2021,12:45:00,Friday,Albuquerque,New Mexico,public,442,1,0,1,targeted,13,m,NA,NA,NA,NA,NA,NA,NA,NA,NA,NA,14,6,407,4,5,1,5,NA,handgun,NA,35.086144,-106.661691,34.4,6,8,442,Bernalillo County,35,35001,11
290,370150000623,Mount Tabor High School,3701500,Winston Salem / Forsyth County Schools,9/1/2021,2021-2022,2021,12:00:00,Wednesday,Winston-Salem,North Carolina,public,1491,1,0,1,targeted,15,m,NA,NA,NA,NA,NA,NA,NA,NA,NA,NA,509,628,252,16,5,2,79,NA,NA,NA,36.1268,-80.3132,81.76,9,12,595,Forsyth County,37,37067,12
304,262724006338,Oxford High School,2627240,Oxford Community Schools,11/30/2021,2021-2022,2021,12:50:00,Tuesday,Oxford,Michigan,public,1872,4,7,11,indiscriminate,15,m,w,student,0,NA,NA,NA,NA,NA,NA,NA,1549,53,186,30,1,5,48,NA,9mm handgun,parent,42.838243,-83.260782,81.8,9,12,451,Oakland County,26,26125,21
317,421917006047,Oliver Citywide Academy,4219170,Pittsburgh Sd,1/19/2022,2021-2022,2022,13:45:00,Wednesday,Pittsburgh,Pennsylvania,public,105,1,0,1,targeted,NA,NA,NA,NA,NA,NA,NA,NA,NA,NA,NA,NA,9,85,0,0,0,0,11,NA,NA,NA,40.464327,-80.024121,22.63,3,12,86,Allegheny County,42,42003,11
323,270002502871,South Education Center,2700025,Intermediate School District 287,2/1/2022,2021-2022,2022,12:07:00,Tuesday,Richfield,Minnesota,public,71,1,1,2,targeted,19,m,h,student,NA,NA,18,m,h,NA,NA,NA,15,17,27,2,1,1,8,NA,NA,NA,44.868045,-93.310844,8.2,PK,12,47,Hennepin County,27,27053,21
324,080615001357,Liberty Point International School,0806150,Pueblo County School District 70,2/22/2022,2021-2022,2022,15:30:00,Tuesday,Pueblo West,Colorado,public,536,1,0,1,targeted,NA,NA,NA,police officer,NA,NA,NA,NA,NA,NA,NA,NA,256,4,227,0,4,2,43,NA,service weapon,NA,38.3173,-104.7291,26,6,8,319,Pueblo County,08,08101,22
319,190897000528,East High School,1908970,Des Moines Public Schools,3/7/2022,2021-2022,2022,15:00:00,Monday,Des Moines,Iowa,public,2204,1,2,3,indiscriminate,NA,NA,NA,NA,NA,NA,NA,NA,NA,NA,NA,NA,644,339,922,158,10,2,129,NA,NA,NA,41.5969,-93.600681,97.1,9,12,1815,Polk County,19,19153,12
326,531011001690,Eisenhower High School,5310110,Yakima School District,3/15/2022,2021-2022,2022,15:00:00,Tuesday,Yakima,Washington,public,1908,1,1,2,targeted,15,m,NA,student,NA,NA,NA,NA,NA,NA,NA,NA,447,11,1372,12,21,1,43,NA,NA,NA,46.591635,-120.565796,97.97,9,12,1333,Yakima County,53,53077,13
339,380004600461,Mott-Regent School,3800046,Mott-regent 1,4/21/2022,2021-2022,2022,NA,Wednesday,Hettinger County,North Dakota,public,98,1,0,1,unclear,NA,m,NA,police officer,NA,NA,NA,NA,NA,NA,NA,NA,87,2,3,0,5,1,0,NA,service pistol,NA,46.372185,-102.318612,15.5,7,12,43,Hettinger County,38,38041,43
321,450231001254,Tanglewood Middle,4502310,Greenville County School District,3/31/2022,2021-2022,2022,12:26:00,Thursday,Greenville,South Carolina,public,868,1,0,1,targeted,12,m,NA,student,NA,NA,NA,NA,NA,NA,NA,NA,105,351,379,0,4,0,29,NA,handgun,NA,34.824083,-82.46882,45,6,8,868,Greenville County,45,45045,41
343,120150002783,Alexander W. Dreyfoos School of Arts,1201500,Palm Beach County,5/13/2022,2021-2022,2022,11:58:00,Friday,West Palm Beach,Florida,public,1363,1,0,0,targeted,NA,f,NA,off-duty police officer,NA,NA,NA,NA,NA,NA,NA,NA,710,125,326,127,3,0,72,NA,NA,NA,26.709238,-80.059481,65,9,12,327,Palm Beach County,12,12099,12
327,484372004970,Robb Elementary School,4843720,Uvalde CISD,5/24/2022,2021-2022,2022,11:33:00,Tuesday,Uvalde,Texas,public,538,21,12,33,indiscriminate,18,m,h,NA,NA,NA,NA,NA,NA,NA,NA,NA,47,6,516,0,0,0,2,NA,NA,NA,29.199304,-99.78812,34.53,3,4,438,Uvalde County,48,48463,33
347,010162000565,Walnut Park Elementary,0101620,Gadsden City,6/9/2022,2022-2023,2022,09:30:00,Thursday,Gadsden,Alabama,public,203,1,1,2,targeted,NA,NA,NA,police officer,NA,NA,NA,NA,NA,NA,NA,NA,118,48,35,1,1,0,0,NA,NA,NA,34.0107,-86.0562,13.46,PK,5,252,Etowah County,01,01055,13
350,240009000280,Mergenthaler Vocational Technical High School,2400090,Baltimore City Public Schools District,9/2/2022,2022-2023,2022,15:00:00,Friday,Baltimore,Maryland,public,1785,1,0,1,targeted,17,m,NA,student,NA,NA,NA,NA,NA,NA,NA,NA,51,1577,145,6,0,1,5,NA,handgun,NA,39.3322,-76.5911,105.5,9,12,1187,Baltimore City,24,24510,11
356,292928002013,Central Visual and Performing Arts High School,2929280,St. Louis City,10/24/2022,2022-2023,2022,09:10:00,Monday,St. Louis,Missouri,public,380,2,7,9,unclear,19,m,b,NA,NA,NA,NA,NA,NA,NA,NA,NA,56,289,26,6,1,0,2,NA,NA,NA,38.604372,-90.270897,26.45,9,12,377,St. Louis City,29,29510,11
357,530771001187,Ingraham High School,5307710,Seattle School District No. 1,11/8/2022,2022-2023,2022,NA,Tuesday,Seattle,Washington,public,1483,1,0,1,targeted,14,m,NA,student,NA,NA,15,m,NA,student,NA,NA,762,155,235,147,7,5,166,NA,handgun,NA,47.7257,-122.3369,72.41,9,12,186,King County,53,53033,11
378,480870000253,Lamar High School,4808700,Arlington Isd,3/20/2023,2022-2023,2023,06:55:00,Monday,Arlington,Texas,public,2541,1,1,2,unclear,NA,m,NA,student,NA,NA,NA,NA,NA,NA,NA,NA,385,901,1107,65,13,3,67,NA,NA,NA,32.763804,-97.125993,166.97,9,12,"1,820",Tarrant County,48,48439,11
380,A0503352,The Covenant School,NA,NA,3/27/2023,2022-2023,2023,10:13:00,Monday,Nashville,Tennessee,private,200,6,0,6,indiscriminate,28,f,w,former student,1,police shooting,NA,NA,NA,NA,NA,NA,112,3,0,1,0,0,0,NA,NA,NA,36.09286762,-86.82526612,15,PK,6,NA,Davidson County,47,47037,11
387,110003000008,Roosevelt High School,1100030,District Of Columbia Public Schools,5/17/2023,2022-2023,2023,14:25:00,Wednesday,Washington,District of Columbia,public,797,1,0,1,unclear,NA,NA,NA,NA,NA,NA,NA,NA,NA,NA,NA,NA,6,432,354,4,0,0,1,NA,NA,NA,38.942971,-77.029177,67.9,9,12,392,District Of Columbia,11,11001,11
389,421917006047,Oliver Citywide Academy,4219170,Pittsburgh Sd,5/24/2023,2022-2023,2023,07:30:00,Wednesday,Pittsburgh,Pennsylvania,public,106,1,0,1,targeted,15,m,NA,student,NA,NA,NA,NA,NA,NA,NA,NA,9,82,2,1,0,0,12,NA,NA,NA,40.464327,-80.024121,22.63,3,12,88,Allegheny County,42,42003,11
393,220147001154,St. Helena College and Career Academy,2201470,ST. Helena Parish,9/12/2023,2023-2024,2023,15:00:00,Tuesday,Greensburg,Louisiana,public,513,1,2,3,unclear,14,NA,NA,student,NA,NA,NA,NA,NA,NA,NA,NA,27,472,9,0,0,0,5,NA,NA,NA,30.8274,-90.6714,23,7,12,456,ST. Helena Parish,22,22091,42
396,180020602669,KIPP Indy Legacy High School,1800206,Kipp Indy Legacy High,11/3/2023,2023-2024,2023,13:00:00,Friday,Indianapolis,Indiana,public,304,1,0,1,targeted,NA,NA,NA,NA,NA,NA,NA,NA,NA,NA,NA,NA,12,240,40,0,0,0,12,NA,NA,NA,39.798199,-86.13026,27,9,11,290,Marion County,18,18097,11
398,192253001355,Perry High School,1922530,Perry Comm School District,1/4/2024,2023-2024,2024,07:37:00,Thursday,Perry,Iowa,public,573,2,6,8,unclear,17,m,NA,student,1,suicide,NA,NA,NA,NA,NA,NA,205,15,330,4,1,1,17,NA,"handgun, shotgun",NA,41.840737,-94.080785,39.78,9,12,294,Dallas County,19,19049,32
415,530732002704,William Wiley Elementary School,5307320,Richland School District,4/22/2024,2023-2024,2024,15:32:00,Monday,West Richland,Washington,public,527,1,0,1,targeted,40,m,NA,ex-husband of teacher,1,suicide,NA,NA,NA,NA,NA,NA,394,7,86,8,0,0,32,NA,NA,NA,46.2745,-119.3555,29,KG,5,150,Benton County,53,53005,22
416,120150001484,Suncoast High School,1201500,Palm Beach,4/22/2024,2023-2024,2024,NA,Monday,Riviera Beach,Florida,public,1592,1,0,1,targeted,NA,f,NA,police officer,NA,NA,NA,NA,NA,NA,NA,NA,543,348,363,257,2,1,78,NA,NA,NA,26.77836,-80.081529,80,9,12,420,Palm Beach County,12,12099,21
417,480870021493,Bowie High School,4808700,Arlington Isd,4/24/2024,2023-2024,2024,14:50:00,Wednesday,Arlington,Texas,public,2391,1,0,1,unclear,17,NA,NA,student,NA,NA,NA,NA,NA,NA,NA,NA,163,870,936,358,9,5,50,NA,NA,NA,32.662576,-97.073088,156.69,9,12,"1,635",Tarrant County,48,48439,11
419,550999000385,Mount Horeb Middle School,5509990,Mount Horeb Area School District,5/1/2024,2023-2024,2024,11:00:00,Wednesday,Mount Horeb,Wisconsin,public,491,1,0,1,targeted,NA,NA,NA,police,NA,police shooting,NA,NA,NA,NA,NA,NA,447,6,21,3,0,0,14,NA,NA,NA,43.006314,-89.728462,41.73,6,8,64,Dane County,55,55025,31
421,530771001171,Garfield High School,5307710,Seattle School District NO. 1,6/7/2024,2023-2024,2024,12:45:00,Friday,Seattle,Washington,public,1642,1,0,1,targeted,NA,NA,NA,NA,NA,NA,NA,NA,NA,NA,NA,NA,604,443,161,205,4,12,187,NA,NA,NA,47.605,-122.3019,68.2,9,12,660,King County,53,53033,11
422,130029002350,Apalachee High School,1300290,Barrow County,9/4/2024,2024-2025,2024,11:30:00,Wednesday,Winder,Georgia,public,1894,4,7,11,unclear,14,m,NA,student,0,NA,NA,NA,NA,NA,NA,NA,883,334,499,73,2,0,103,NA,NA,NA,33.9483,-83.7856,122.3,9,12,931,Barrow County,13,13013,41
432,01933863,Abundant Life Christian School,NA,NA,12/16/2024,2024-2025,2024,10:57:00,Monday,Madison,Wisconsin,private,292,2,6,8,NA,15,f,NA,student,1,suicide,NA,NA,NA,NA,NA,NA,206,23,28,12,0,0,23,NA,NA,NA,43.07146,-89.298221,24.9,KG,12,NA,Dane County,55,55025,11
433,470318001257,Antioch High School,4703180,Davidson County,1/22/2025,2024-2025,2025,11:00:00,Wednesday,Antioch,Tennessee,public,2131,1,1,2,unclear,17,m,NA,student,1,suicide,NA,NA,NA,NA,NA,NA,254,665,1115,61,1,1,34,NA,NA,NA,36.046822,-86.598929,128.01,9,12,578,Davidson County,47,47037,11
